"Badger","Badger"
"Badgers","Badgers"
"Manage Badgers","Manage Badgers"
"New Badger","New Badger"
"Edit Badger","Edit Badger"
"General","General"
"Selectors","Selectors"
"Tooltip","Tooltip"
"Enable Badger","Enable Badger"
"Enable tooltip","Enable tooltip"
"Default background color","Default background color"
"Default text color","Default text color"
"Category list image selector","Category list image selector"
"Product page image selector","Product page image selector"
"Iranimij","Iranimij"
"""New"" for N days","""New"" for N days"
"Days a product is considered new after creation.","Days a product is considered new after creation."
"Save Badger","Save Badger"
"Delete Badger","Delete Badger"
"Are you sure you want to delete this badger?","Are you sure you want to delete this badger?"
