"Badger","نشان"
"Badgers","نشان‌ها"
"Manage Badgers","مدیریت نشان‌ها"
"New Badger","نشان جدید"
"Edit Badger","ویرایش نشان"
"General","عمومی"
"Selectors","انتخاب‌گرها"
"Tooltip","راهنمای ابزار"
"Enable Badger","فعال‌سازی نشان"
"Enable tooltip","فعال‌سازی راهنمای ابزار"
"Default background color","رنگ پیش‌فرض پس‌زمینه"
"Default text color","رنگ پیش‌فرض متن"
"Category list image selector","انتخاب‌گر تصویر در فهرست دسته"
"Product page image selector","انتخاب‌گر تصویر در صفحه محصول"
"Iranimij","ایرانی‌میج"
"""New"" for N days","«جدید» به مدت N روز"
"Days a product is considered new after creation.","تعداد روزهایی که محصول جدید محسوب می‌شود."
"Save Badger","ذخیره نشان"
"Delete Badger","حذف نشان"
"Are you sure you want to delete this badger?","آیا از حذف این نشان مطمئن هستید؟"
